rank,lambda_synergy,lambda_conflict,lambda_balance,train_accuracy,train_average_margin,train_extremeness_penalty,train_subtype_imbalance,train_objective,validation_accuracy,validation_average_margin,train_accuracy_balance_change_role,train_accuracy_conflict_acid_sweetener_ratio_break,train_accuracy_synergy_replace_with_different_anchor,train_accuracy_balance_remove_key_ingredient,train_accuracy_synergy_insert_different_type,train_accuracy_synergy_replace_with_different_type,train_accuracy_balance_change_amount,train_accuracy_conflict_add_extra_base_spirit,train_accuracy_conflict_create_incompatible_type_pair
1,0.3520941550325713,0.30667520176390306,0.3412306432035256,1.0,0.05371820185020349,0.000374997304263163,0.0,1.0053343204545941,0.995,0.053216421710901685,1.0,1.0,1.0,1.0,1.0,1.0,1.0,1.0,1.0
2,0.340574186819863,0.3239996910284311,0.33542612215170575,1.0,0.053020812034917174,4.797553430918461e-05,0.0,1.0052972836500607,0.995,0.053216421710901685,1.0,1.0,1.0,1.0,1.0,1.0,1.0,1.0,1.0
3,0.35129542220236,0.3150751882984639,0.3336293894991761,1.0,0.05271503762800897,0.00021869471530215701,0.0,1.0052496342912707,0.995,0.053216421710901685,1.0,1.0,1.0,1.0,1.0,1.0,1.0,1.0,1.0
4,0.3356332960123072,0.33793902611479804,0.3264276778728948,0.9995833333333334,0.051858397032498116,2.473010388673113e-05,0.0017079873941704122,1.0046813006564859,0.995,0.053216421710901685,1.0,1.0,1.0,1.0,1.0,1.0,1.0,0.9945652173913043,1.0
5,0.33753931939248394,0.33623030643205004,0.32623037417546585,0.9995833333333334,0.05182023372544344,2.5511600220930338e-05,0.0017079873941704122,1.004677406176147,0.995,0.053216421710901685,1.0,1.0,1.0,1.0,1.0,1.0,1.0,0.9945652173913043,1.0
