rank,alpha1_flavor,alpha2_cooccur,alpha3_anchor,accuracy,average_margin,evaluations,accuracy_synergy_replace_with_different_type,accuracy_synergy_insert_different_type,accuracy_synergy_remove_key_ingredient,accuracy_synergy_replace_with_different_anchor
1,0.45,0.45,0.1,0.6530612244897959,0.8769612645008347,98,0.9523809523809523,0.0,1.0,0.6153846153846154
2,0.525,0.375,0.1,0.6530612244897959,0.7389611958051173,98,0.9523809523809523,0.0,1.0,0.6153846153846154
3,0.375,0.525,0.1,0.6530612244897959,1.014961333196552,98,0.9523809523809523,0.0,1.0,0.6153846153846154
4,0.3,0.6,0.1,0.6530612244897959,1.152961401892269,98,0.9523809523809523,0.0,1.0,0.6153846153846154
5,0.4,0.3,0.3,0.6428571428571429,0.5645480578849104,98,0.9523809523809523,0.0,1.0,0.5769230769230769
6,0.6,0.3,0.1,0.6428571428571429,0.6009611271094002,98,0.8571428571428571,0.0,1.0,0.6538461538461539
7,0.3,0.3,0.4,0.6224489795918368,0.5463415232726652,98,0.8571428571428571,0.0,1.0,0.5769230769230769
