rank,mu1_flavor,mu2_role,accuracy,average_margin,evaluations,accuracy_balance_break_role_balance,accuracy_balance_remove_key_role,accuracy_balance_break_flavor_balance
1,0.6521,0.3479,0.9375,0.03311952512696327,96,1.0,1.0,0.8378378378378378
2,0.5,0.5,0.9270833333333334,0.05344104756506469,96,1.0,1.0,0.8108108108108109
3,0.7,0.3,0.9270833333333334,0.02671978203172949,96,0.9393939393939394,1.0,0.8648648648648649
4,0.3,0.7,0.9270833333333334,0.0801623130983999,96,1.0,1.0,0.8108108108108109
5,0.1,0.9,0.9270833333333334,0.10688357863173514,96,1.0,1.0,0.8108108108108109
6,0.9,0.1,0.78125,-1.4835016056872926e-06,96,0.6363636363636364,0.8461538461538461,0.8648648648648649
