rank,eta1_flavor,eta2_role,eta3_type,eta4_ratio,accuracy,average_margin,evaluations,accuracy_conflict_add_extra_base_spirit,accuracy_conflict_acid_sweetener_ratio_break
1,0.3066,0.1888,0.3556,0.149,0.9523809523809523,0.025966500975954772,42,1.0,0.8333333333333334
2,0.25,0.25,0.25,0.25,0.9523809523809523,0.034558960554815395,42,1.0,0.8333333333333334
3,0.4,0.2,0.3,0.1,0.9523809523809523,0.027428212523077596,42,1.0,0.8333333333333334
4,0.2,0.4,0.2,0.2,0.9523809523809523,0.056218578273027967,42,1.0,0.8333333333333334
5,0.2,0.2,0.4,0.2,0.9523809523809523,0.027728801096913527,42,1.0,0.8333333333333334
6,0.2,0.2,0.2,0.4,0.9523809523809523,0.02714976724979948,42,1.0,0.8333333333333334
7,0.2631578947368421,0.3157894736842105,0.2105263157894737,0.2105263157894737,0.9523809523809523,0.04400605804984969,42,1.0,0.8333333333333334
