{
  "train_loss": [
    0.20944609308145878,
    0.18512576855779664,
    0.1849875798167252,
    0.1848078132451065,
    0.1847520318796964
  ],
  "train_accuracy": [
    0.9954471544715447,
    1.0,
    1.0,
    1.0,
    1.0
  ],
  "train_margin": [
    2.1327961722331317,
    2.3061417935921895,
    2.31014496911832,
    2.309570975187348,
    2.3096263433471926
  ],
  "valid_loss": [
    0.18516040866052633,
    0.1806563057682731,
    0.18368391164671846,
    0.18222322021469925,
    0.18261412362674456
  ],
  "valid_accuracy": [
    1.0,
    1.0,
    1.0,
    1.0,
    1.0
  ],
  "valid_margin": [
    2.2078177901136846,
    2.3386430017875903,
    2.2020480930110513,
    2.22321024391201,
    2.209468318587972
  ]
}