{
  "train_loss": [
    0.18808523452840745,
    0.17026946238552532,
    0.1696194305177778,
    0.16949014518254746,
    0.16931702486239375,
    0.16908319980682185,
    0.16905593005940317,
    0.16904873901357254,
    0.1689552716833229,
    0.16898677859610567,
    0.16896181255578996,
    0.1689356114078934,
    0.1688566556479782,
    0.16894383722761025,
    0.16891868090257048,
    0.16889481106462578,
    0.16886454584077001,
    0.16887909151613711,
    0.16883056024710338,
    0.16886246545240283,
    0.16884365781365585
  ],
  "train_accuracy": [
    0.99875,
    1.0,
    1.0,
    1.0,
    1.0,
    1.0,
    1.0,
    1.0,
    1.0,
    1.0,
    1.0,
    1.0,
    1.0,
    1.0,
    1.0,
    1.0,
    1.0,
    1.0,
    1.0,
    1.0,
    1.0
  ],
  "train_margin": [
    2.3696408262476325,
    2.501883977651596,
    2.505271285921335,
    2.5058134692907332,
    2.506314395070076,
    2.5069045587380727,
    2.5066966683169207,
    2.507304079135259,
    2.5073999315003554,
    2.5071247447033724,
    2.50736120869716,
    2.5079007555544375,
    2.5077941036224365,
    2.50719822888573,
    2.507299731125434,
    2.5081706714630125,
    2.507892149090767,
    2.507591868589322,
    2.5081503981351854,
    2.5078734790285426,
    2.5071083526313305
  ],
  "valid_loss": [
    0.17224631461004417,
    0.17083271622657775,
    0.17160449003179867,
    0.16986264201502005,
    0.16942258494595686,
    0.1710981828471025,
    0.17044295911987623,
    0.16996578752994537,
    0.16998279504477978,
    0.1706858797868093,
    0.16939197649558385,
    0.16940017759799958,
    0.16979068137705325,
    0.1701754735161861,
    0.1698266003280878,
    0.16942559202512106,
    0.1696750407417615,
    0.16954023780922095,
    0.16977143056690694,
    0.16996496580541134,
    0.16920493716994922
  ],
  "valid_accuracy": [
    1.0,
    1.0,
    1.0,
    1.0,
    1.0,
    1.0,
    1.0,
    1.0,
    1.0,
    1.0,
    1.0,
    1.0,
    1.0,
    1.0,
    1.0,
    1.0,
    1.0,
    1.0,
    1.0,
    1.0,
    1.0
  ],
  "valid_margin": [
    2.3897572449843087,
    2.4128088770310083,
    2.3435919886827468,
    2.4990513112147648,
    2.499994301994642,
    2.342977690696716,
    2.5086361340681713,
    2.471027724345525,
    2.4362065410614013,
    2.4045507778724033,
    2.564351574977239,
    2.4739677904049557,
    2.5372202134132387,
    2.455244246125221,
    2.4552367573976515,
    2.4665476046005885,
    2.488544878959656,
    2.5603679682811102,
    2.4348721539974214,
    2.4172073862950008,
    2.5034308425585428
  ]
}