{
  "task": "分析全局关键风味元素",
  "description": "基于对所有配方的节点重要性分析，汇总出的全局关键风味元素排行榜。请分析这些原料的特点、在不同角色中的分布，以及它们对配方结构的影响。",
  "top_flavors": [
    {
      "rank": 1,
      "name": "gin",
      "form": "unknown",
      "avg_importance": 0.06243940586278815,
      "shrunk_importance": 0.061046257467253444,
      "total_importance": 11.613729490478596,
      "recipe_count": 186,
      "top1_count": 148,
      "top3_count": 179,
      "top5_count": 183,
      "top1_rate": 0.7956989247311828,
      "top3_rate": 0.9623655913978495,
      "top5_rate": 0.9838709677419355,
      "dominant_role": "base_spirit",
      "dominant_role_ratio": 0.9516129032258065,
      "global_key_score": 0.4521067271757848,
      "is_suspect_node": false
    },
    {
      "rank": 2,
      "name": "tequila",
      "form": "unknown",
      "avg_importance": 0.072158522096542,
      "shrunk_importance": 0.0636701387159624,
      "total_importance": 2.381231229185886,
      "recipe_count": 33,
      "top1_count": 32,
      "top3_count": 32,
      "top5_count": 32,
      "top1_rate": 0.9696969696969697,
      "top3_rate": 0.9696969696969697,
      "top5_rate": 0.9696969696969697,
      "dominant_role": "base_spirit",
      "dominant_role_ratio": 0.9696969696969697,
      "global_key_score": 0.41106479369536186,
      "is_suspect_node": false
    },
    {
      "rank": 3,
      "name": "mezcal",
      "form": "unknown",
      "avg_importance": 0.0657841123479209,
      "shrunk_importance": 0.05753332233084327,
      "total_importance": 1.8419551457417855,
      "recipe_count": 28,
      "top1_count": 24,
      "top3_count": 26,
      "top5_count": 28,
      "top1_rate": 0.8571428571428571,
      "top3_rate": 0.9285714285714286,
      "top5_rate": 1.0,
      "dominant_role": "base_spirit",
      "dominant_role_ratio": 0.9285714285714286,
      "global_key_score": 0.3860864903978954,
      "is_suspect_node": false
    },
    {
      "rank": 4,
      "name": "vodka",
      "form": "unknown",
      "avg_importance": 0.04838123322711713,
      "shrunk_importance": 0.04621951531412584,
      "total_importance": 3.1447801597626137,
      "recipe_count": 65,
      "top1_count": 41,
      "top3_count": 59,
      "top5_count": 63,
      "top1_rate": 0.6307692307692307,
      "top3_rate": 0.9076923076923077,
      "top5_rate": 0.9692307692307692,
      "dominant_role": "base_spirit",
      "dominant_role_ratio": 0.8769230769230769,
      "global_key_score": 0.3776612637166422,
      "is_suspect_node": false
    },
    {
      "rank": 5,
      "name": "bourbon",
      "form": "unknown",
      "avg_importance": 0.056584691266106414,
      "shrunk_importance": 0.050200889210098444,
      "total_importance": 1.5277866641848732,
      "recipe_count": 27,
      "top1_count": 20,
      "top3_count": 24,
      "top5_count": 26,
      "top1_rate": 0.7407407407407407,
      "top3_rate": 0.8888888888888888,
      "top5_rate": 0.9629629629629629,
      "dominant_role": "base_spirit",
      "dominant_role_ratio": 0.8518518518518519,
      "global_key_score": 0.35952846401176863,
      "is_suspect_node": true
    },
    {
      "rank": 6,
      "name": "cognac",
      "form": "unknown",
      "avg_importance": 0.05949006572311305,
      "shrunk_importance": 0.0440728114970923,
      "total_importance": 0.4759205257849044,
      "recipe_count": 8,
      "top1_count": 4,
      "top3_count": 7,
      "top5_count": 7,
      "top1_rate": 0.5,
      "top3_rate": 0.875,
      "top5_rate": 0.875,
      "dominant_role": "base_spirit",
      "dominant_role_ratio": 0.875,
      "global_key_score": 0.351237662082559,
      "is_suspect_node": true
    },
    {
      "rank": 7,
      "name": "christmas spirit",
      "form": "unknown",
      "avg_importance": 0.06918830323107417,
      "shrunk_importance": 0.042166472591072424,
      "total_importance": 0.27675321292429667,
      "recipe_count": 4,
      "top1_count": 4,
      "top3_count": 4,
      "top5_count": 4,
      "top1_rate": 1.0,
      "top3_rate": 1.0,
      "top5_rate": 1.0,
      "dominant_role": "base_spirit",
      "dominant_role_ratio": 1.0,
      "global_key_score": 0.3341768933762861,
      "is_suspect_node": true
    },
    {
      "rank": 8,
      "name": "rye whiskey",
      "form": "unknown",
      "avg_importance": 0.044429245827171754,
      "shrunk_importance": 0.03938166548921969,
      "total_importance": 0.7552971790619198,
      "recipe_count": 17,
      "top1_count": 11,
      "top3_count": 13,
      "top5_count": 17,
      "top1_rate": 0.6470588235294118,
      "top3_rate": 0.7647058823529411,
      "top5_rate": 1.0,
      "dominant_role": "base_spirit",
      "dominant_role_ratio": 0.7058823529411765,
      "global_key_score": 0.3182160547706758,
      "is_suspect_node": true
    },
    {
      "rank": 9,
      "name": "calvados",
      "form": "unknown",
      "avg_importance": 0.04115338475073012,
      "shrunk_importance": 0.03660872021267247,
      "total_importance": 0.5761473865102217,
      "recipe_count": 14,
      "top1_count": 9,
      "top3_count": 12,
      "top5_count": 14,
      "top1_rate": 0.6428571428571429,
      "top3_rate": 0.8571428571428571,
      "top5_rate": 1.0,
      "dominant_role": "base_spirit",
      "dominant_role_ratio": 0.6428571428571429,
      "global_key_score": 0.3144784192630167,
      "is_suspect_node": true
    },
    {
      "rank": 10,
      "name": "brandy",
      "form": "unknown",
      "avg_importance": 0.0576500676579871,
      "shrunk_importance": 0.04108177600832108,
      "total_importance": 0.3459004059479226,
      "recipe_count": 6,
      "top1_count": 5,
      "top3_count": 5,
      "top5_count": 5,
      "top1_rate": 0.8333333333333334,
      "top3_rate": 0.8333333333333334,
      "top5_rate": 0.8333333333333334,
      "dominant_role": "base_spirit",
      "dominant_role_ratio": 0.8333333333333334,
      "global_key_score": 0.309723170649068,
      "is_suspect_node": false
    },
    {
      "rank": 11,
      "name": "genepy",
      "form": "unknown",
      "avg_importance": 0.0490022316053316,
      "shrunk_importance": 0.030916298863767122,
      "total_importance": 0.0490022316053316,
      "recipe_count": 1,
      "top1_count": 1,
      "top3_count": 1,
      "top5_count": 1,
      "top1_rate": 1.0,
      "top3_rate": 1.0,
      "top5_rate": 1.0,
      "dominant_role": "base_spirit",
      "dominant_role_ratio": 1.0,
      "global_key_score": 0.3086329307616519,
      "is_suspect_node": true
    },
    {
      "rank": 12,
      "name": "grated",
      "form": "unknown",
      "avg_importance": 0.1166273766379905,
      "shrunk_importance": 0.03843020386739589,
      "total_importance": 0.1166273766379905,
      "recipe_count": 1,
      "top1_count": 1,
      "top3_count": 1,
      "top5_count": 1,
      "top1_rate": 1.0,
      "top3_rate": 1.0,
      "top5_rate": 1.0,
      "dominant_role": "other",
      "dominant_role_ratio": 1.0,
      "global_key_score": 0.2974015656307872,
      "is_suspect_node": true
    },
    {
      "rank": 13,
      "name": "almond milk",
      "form": "unknown",
      "avg_importance": 0.0912085188663678,
      "shrunk_importance": 0.035605886337215585,
      "total_importance": 0.0912085188663678,
      "recipe_count": 1,
      "top1_count": 1,
      "top3_count": 1,
      "top5_count": 1,
      "top1_rate": 1.0,
      "top3_rate": 1.0,
      "top5_rate": 1.0,
      "dominant_role": "other",
      "dominant_role_ratio": 1.0,
      "global_key_score": 0.295848190989188,
      "is_suspect_node": false
    },
    {
      "rank": 14,
      "name": "cava",
      "form": "unknown",
      "avg_importance": 0.0745937926653211,
      "shrunk_importance": 0.0337598056482104,
      "total_importance": 0.0745937926653211,
      "recipe_count": 1,
      "top1_count": 1,
      "top3_count": 1,
      "top5_count": 1,
      "top1_rate": 1.0,
      "top3_rate": 1.0,
      "top5_rate": 1.0,
      "dominant_role": "other",
      "dominant_role_ratio": 1.0,